,Mean Final Value,Median Final Value,Probability of Loss,95% Value at Risk,95% Expected Shortfall,Annualized Return,Annualized Volatility,Sharpe Ratio
Conservative,10819.127422462698,10763.251285848168,0.2421,-0.09911724353175057,-0.13740213948829633,0.07778929087102862,0.10674311385507256,0.7287523106796832
Balanced,11482.34888367205,11355.811977777372,0.1996,-0.1118883793607794,-0.1630613752510581,0.13852097610741287,0.14951760732545732,0.9264526003676081
Aggressive,11848.735924351402,11641.125314927225,0.2143,-0.15032094274855473,-0.21458067380763082,0.168886818725605,0.18899423048298455,0.8936083302331821
